{
    "Technology": {
        "P/E": 33.956512,
        "P/B": 0.9564461
    },
    "Financials": {
        "P/E": 17.134888,
        "P/B": 1.493518
    },
    "Health Care": {
        "P/E": 25.953804,
        "P/B": 1.157745
    },
    "Consumer Discretionary": {
        "P/E": 30.412241,
        "P/B": 0.6713197
    },
    "Consumer Staples": {
        "P/E": 25.920292,
        "P/B": 1.2075186
    },
    "Industrials": {
        "P/E": 30.978462,
        "P/B": 1.7469658
    },
    "Energy": {
        "P/E": 21.907396,
        "P/B": 1.0905689
    },
    "Materials": {
        "P/E": 27.17916,
        "P/B": 0.65740573
    },
    "Utilities": {
        "P/E": 23.107004,
        "P/B": 0.7359744
    },
    "Real Estate": {
        "P/E": 32.619884,
        "P/B": null
    },
    "Communication Services": {
        "P/E": 18.46685,
        "P/B": null
    },
    "Banking": {
        "P/E": 13.12999,
        "P/B": null
    },
    "Semiconductors": {
        "P/E": 43.61675,
        "P/B": 0.91583896
    },
    "Biotechnology": {
        "P/E": 23.094225,
        "P/B": 1.0447098
    },
    "Aerospace & Defense": {
        "P/E": 39.410194,
        "P/B": null
    },
    "Retail": {
        "P/E": 17.509716,
        "P/B": 0.9170818
    },
    "Metals & Mining": {
        "P/E": 26.230265,
        "P/B": 2.6506612
    },
    "Oil & Gas Exploration": {
        "P/E": 15.437394,
        "P/B": 1.7385597
    },
    "Clean Energy": {
        "P/E": 21.49334,
        "P/B": null
    },
    "Agribusiness": {
        "P/E": 19.662321,
        "P/B": 0.89064795
    },
    "Transportation": {
        "P/E": 18.320763,
        "P/B": 0.28644097
    },
    "Infrastructure": {
        "P/E": 29.68452,
        "P/B": null
    }
}